Workbook

Sheet Raw_Data
A1: Date | B1: Date_Shift | C1: Shift | D1: Units_Produced | E1: Defect_Count | F1: Defect_Rate
A2: 46023 | B2: =TEXT(A2,"dd-mm-yyyy") & " - " & C2 -> 01-01-2026 - Day | C2: Day | D2: 1010 | E2: 12 | F2: =E2/D2 -> 0.011881188
A3: 46023 | B3: =TEXT(A3,"dd-mm-yyyy") & " - " & C3 -> 01-01-2026 - Night | C3: Night | D3: 995 | E3: 15 | F3: =E3/D3 -> 0.015075377
A4: 46024 | B4: =TEXT(A4,"dd-mm-yyyy") & " - " & C4 -> 02-01-2026 - Day | C4: Day | D4: 990 | E4: 10 | F4: =E4/D4 -> 0.01010101
A5: 46024 | B5: =TEXT(A5,"dd-mm-yyyy") & " - " & C5 -> 02-01-2026 - Night | C5: Night | D5: 1005 | E5: 18 | F5: =E5/D5 -> 0.017910448
A6: 46025 | B6: =TEXT(A6,"dd-mm-yyyy") & " - " & C6 -> 03-01-2026 - Day | C6: Day | D6: 1005 | E6: 11 | F6: =E6/D6 -> 0.010945274
A7: 46025 | B7: =TEXT(A7,"dd-mm-yyyy") & " - " & C7 -> 03-01-2026 - Night | C7: Night | D7: 990 | E7: 14 | F7: =E7/D7 -> 0.014141414
A8: 46026 | B8: =TEXT(A8,"dd-mm-yyyy") & " - " & C8 -> 04-01-2026 - Day | C8: Day | D8: 980 | E8: 9 | F8: =E8/D8 -> 0.0091836735
A9: 46026 | B9: =TEXT(A9,"dd-mm-yyyy") & " - " & C9 -> 04-01-2026 - Night | C9: Night | D9: 1010 | E9: 22 | F9: =E9/D9 -> 0.021782178
A10: 46027 | B10: =TEXT(A10,"dd-mm-yyyy") & " - " & C10 -> 05-01-2026 - Day | C10: Day | D10: 1020 | E10: 13 | F10: =E10/D10 -> 0.012745098
A11: 46027 | B11: =TEXT(A11,"dd-mm-yyyy") & " - " & C11 -> 05-01-2026 - Night | C11: Night | D11: 1000 | E11: 17 | F11: =E11/D11 -> 0.017
A12: 46028 | B12: =TEXT(A12,"dd-mm-yyyy") & " - " & C12 -> 06-01-2026 - Day | C12: Day | D12: 1000 | E12: 12 | F12: =E12/D12 -> 0.012
A13: 46028 | B13: =TEXT(A13,"dd-mm-yyyy") & " - " & C13 -> 06-01-2026 - Night | C13: Night | D13: 985 | E13: 16 | F13: =E13/D13 -> 0.016243655
... A31: 46037 | B31: =TEXT(A31,"dd-mm-yyyy") & " - " & C31 -> 15-01-2026 - Night | C31: Night | D31: 990 | E31: 17 | F31: =E31/D31 -> 0.017171717

Sheet Summary
A1: Average_Defect_Rate | B1: =AVERAGE(Raw_Data!F2:F31) -> 0.014511707
A2: Std_Deviation_Defect_Rate | B2: =_xlfn.STDEV.S(Raw_Data!F2:F31) -> 0.0035217688
A3: Total_Observations | B3: =COUNT(Raw_Data!F2:F31) -> 30

Sheet SHIFT-WISE SUMMAR
A1: Shift | B1: Avg_Defect_Rate | C1: Std_Deviation | D1: Observations
A2: Day | B2: =AVERAGEIFS(Raw_Data!F:F, Raw_Data!C:C, "Day") -> 0.011559301 | C2: =_xlfn.STDEV.S(IF(Raw_Data!C:C="Day", Raw_Data!F:F)) -> 0.0035217688 | D2: =COUNTIF(Raw_Data!C:C,"Day") -> 15
A3: Night | B3: =AVERAGEIFS(Raw_Data!F:F, Raw_Data!C:C, "Night") -> 0.017464114 | C3: =_xlfn.STDEV.S(IF(Raw_Data!C:C="Night", Raw_Data!F:F)) -> 0.0035217688 | D3: =COUNTIF(Raw_Data!C:C,"Night") -> 15

Sheet Control_Chart
D1: Date | E1: Date_Shift | F1: Defect_Count | G1: Mean | H1: UCL | I1: LCL
A2: Mean (CL) | B2: =AVERAGE(Raw_Data!E2:E31) -> 14.533333 | D2: =Raw_Data!A2 -> 46023 | E2: =Raw_Data!B2 -> 01-01-2026 - Day | F2: =Raw_Data!E2 -> 12 | G2: =$B$2 -> 14.533333 | H2: =$B$4 -> 25.241371 | I2: =$B$5 -> 3.8252957
A3: Std Dev | B3: =_xlfn.STDEV.S(Raw_Data!E2:E31) -> 3.5693459 | D3: =Raw_Data!A3 -> 46023 | E3: =Raw_Data!B3 -> 01-01-2026 - Night | F3: =Raw_Data!E3 -> 15 | G3: =$B$2 -> 14.533333 | H3: =$B$4 -> 25.241371 | I3: =$B$5 -> 3.8252957
A4: UCL | B4: =B2+(3*B3) -> 25.241371 | D4: =Raw_Data!A4 -> 46024 | E4: =Raw_Data!B4 -> 02-01-2026 - Day | F4: =Raw_Data!E4 -> 10 | G4: =$B$2 -> 14.533333 | H4: =$B$4 -> 25.241371 | I4: =$B$5 -> 3.8252957
A5: LCL | B5: =B2-(3*B3) -> 3.8252957 | D5: =Raw_Data!A5 -> 46024 | E5: =Raw_Data!B5 -> 02-01-2026 - Night | F5: =Raw_Data!E5 -> 18 | G5: =$B$2 -> 14.533333 | H5: =$B$4 -> 25.241371 | I5: =$B$5 -> 3.8252957
D6: =Raw_Data!A6 -> 46025 | E6: =Raw_Data!B6 -> 03-01-2026 - Day | F6: =Raw_Data!E6 -> 11 | G6: =$B$2 -> 14.533333 | H6: =$B$4 -> 25.241371 | I6: =$B$5 -> 3.8252957
D7: =Raw_Data!A7 -> 46025 | E7: =Raw_Data!B7 -> 03-01-2026 - Night | F7: =Raw_Data!E7 -> 14 | G7: =$B$2 -> 14.533333 | H7: =$B$4 -> 25.241371 | I7: =$B$5 -> 3.8252957
D8: =Raw_Data!A8 -> 46026 | E8: =Raw_Data!B8 -> 04-01-2026 - Day | F8: =Raw_Data!E8 -> 9 | G8: =$B$2 -> 14.533333 | H8: =$B$4 -> 25.241371 | I8: =$B$5 -> 3.8252957
D9: =Raw_Data!A9 -> 46026 | E9: =Raw_Data!B9 -> 04-01-2026 - Night | F9: =Raw_Data!E9 -> 22 | G9: =$B$2 -> 14.533333 | H9: =$B$4 -> 25.241371 | I9: =$B$5 -> 3.8252957
D10: =Raw_Data!A10 -> 46027 | E10: =Raw_Data!B10 -> 05-01-2026 - Day | F10: =Raw_Data!E10 -> 13 | G10: =$B$2 -> 14.533333 | H10: =$B$4 -> 25.241371 | I10: =$B$5 -> 3.8252957
D11: =Raw_Data!A11 -> 46027 | E11: =Raw_Data!B11 -> 05-01-2026 - Night | F11: =Raw_Data!E11 -> 17 | G11: =$B$2 -> 14.533333 | H11: =$B$4 -> 25.241371 | I11: =$B$5 -> 3.8252957
D12: =Raw_Data!A12 -> 46028 | E12: =Raw_Data!B12 -> 06-01-2026 - Day | F12: =Raw_Data!E12 -> 12 | G12: =$B$2 -> 14.533333 | H12: =$B$4 -> 25.241371 | I12: =$B$5 -> 3.8252957
D13: =Raw_Data!A13 -> 46028 | E13: =Raw_Data!B13 -> 06-01-2026 - Night | F13: =Raw_Data!E13 -> 16 | G13: =$B$2 -> 14.533333 | H13: =$B$4 -> 25.241371 | I13: =$B$5 -> 3.8252957
D14: =Raw_Data!A14 -> 46029 | E14: =Raw_Data!B14 -> 07-01-2026 - Day | F14: =Raw_Data!E14 -> 14 | G14: =$B$2 -> 14.533333 | H14: =$B$4 -> 25.241371 | I14: =$B$5 -> 3.8252957
D15: =Raw_Data!A15 -> 46029 | E15: =Raw_Data!B15 -> 07-01-2026 - Night | F15: =Raw_Data!E15 -> 19 | G15: =$B$2 -> 14.533333 | H15: =$B$4 -> 25.241371 | I15: =$B$5 -> 3.8252957
D16: =Raw_Data!A16 -> 46030 | E16: =Raw_Data!B16 -> 08-01-2026 - Day | F16: =Raw_Data!E16 -> 10 | G16: =$B$2 -> 14.533333 | H16: =$B$4 -> 25.241371 | I16: =$B$5 -> 3.8252957
D17: =Raw_Data!A17 -> 46030 | E17: =Raw_Data!B17 -> 08-01-2026 - Night | F17: =Raw_Data!E17 -> 21 | G17: =$B$2 -> 14.533333 | H17: =$B$4 -> 25.241371 | I17: =$B$5 -> 3.8252957
... D31: =Raw_Data!A31 -> 46037 | E31: =Raw_Data!B31 -> 15-01-2026 - Night | F31: =Raw_Data!E31 -> 17 | G31: =$B$2 -> 14.533333 | H31: =$B$4 -> 25.241371 | I31: =$B$5 -> 3.8252957
